Section,ID,Requirement,Status,Priority,Gap,Evidence
Cryptographic & Authenticity,N/A,Mandatory POA signature at issuance,Implemented,P0,Lacks fuzz/property tests & additional algorithms (ECDSA/threshold),Automatic signing (registry-backed; Ed25519 registered) in `CreateDelegationCtx` when `WithMandatorySignatures` enabled; canonical digest enforced; negative case tests added
Cryptographic & Authenticity,N/A,Key rotation & lifecycle,Implemented,P1,"All core functionality implemented including multi-tenant segregation, Vault/KMS backends, rotation policy APIs","**COMPLETED:** Multi-tenant key manager with Vault/KMS/File backends; rotation scheduling with jitter; comprehensive API endpoints (/api/v1/keys/rotation/status, /api/v1/keys/rotation/policy, /api/v1/keys/rotation/trigger); tenant segregation; health monitoring; manual + automatic rotation; key lifecycle management (generate/activate/archive/delete)"
Cryptographic & Authenticity,N/A,Token integrity (public verifiable),Implemented,P0,Missing alternative algorithms (ECDSA / Ed25519 batch / BLS) & cross‑language vectors; detached signature not yet mandatory by policy/flag; lacks property/fuzz suite for canonical binding,"EnvelopeV2 supports detached Ed25519 signature over canonical POA digest (fields: `detached_sig`, `detached_sig_alg`, `detached_sig_kid`), feature‑gated via `GAUTH_DETACHED_SIGNATURE`; discovery advertises capability; positive, tamper & disabled-path tests in `pkg/rfc0111/rfc0111_detached_signature_test.go`"
Cryptographic & Authenticity,N/A,Canonical digest stability,Implemented,P2,Corpus breadth could expand; no cross-version regression suite,`CanonicalPOADigest` used; property + fuzz tests validate determinism & mutable field exclusion
Cryptographic & Authenticity,N/A,Multi-signature threshold & weight verification,Implemented,P1,"**Fully Implemented**. `BLSProvider` supports aggregation & pairing verification. `EnvelopeV2` (poa.go) handles `bls12-381-agg` mode, aggregating keys and verifying single signature against threshold participants.","EnvelopeV2 includes satisfaction metadata (`satisfied_weight`, `satisfied_signatures`); verification enforces configured threshold & per-signature weight (domain separation v2); granular failure counters (structural, digest, pubkey_missing, invalid_signature, threshold, weight) + verification latency histogram"
Cryptographic & Authenticity,N/A,Envelope versioning (V1/V2 adaptive parser),Implemented,P1,Dual-domain acceptance window for multi-signature digest domain migration deferred,"Toggle `GAUTH_POA_ENVELOPE_V2`; issuance increments counters; adaptive `VerifyToken` normalizes both envelopes; canonical digest populated in V2; adoption ratio gauge, digest mismatch counter, issuance cadence histogram (`envelope_issuance_cadence_seconds`), sunset phase gauge (`envelope_v1_sunset_phase`) implemented"
Authorization Engine (AAP-001),N/A,PDP combining algorithms,Implemented,P0,Limited advice execution semantics (basic channel only),"`InMemoryEngine` with deny_overrides, permit_overrides, first_applicable; trace + per-policy match counts"
Authorization Engine (AAP-001),N/A,ABAC expression evaluation,Implemented,P0,Need extensible function registry + evaluation safety budgets,"`pdp/expr` supports logical ops, numeric comparisons, membership, time_between, contains, regex_match"
Authorization Engine (AAP-001),N/A,Obligations & advice processing,Implemented,P2,Post-decision obligations fully functional with persistence and failure classification,"**COMPLETED:** `AuditObligationExecutor` integrated with `pkg/audit` for durable storage; failure taxonomy with specific error categories (Timeout, Network, Permission, Internal); mandatory failure flips decision to Deny; Advice recorded but ignored for outcome; metrics for execution/failure"
Authorization Engine (AAP-001),N/A,Policy versioning & rollback,Implemented,P1,"Initial implementation complete with full persistence, audit, and observability","Complete implementation: in-memory + persistent hash chain with integrity verification (`web/server_clean.go`), rollback API endpoints, audit trail with event logging, Prometheus metrics (`gauth_policy_revisions_total`, `gauth_policy_active_version`, `gauth_policy_rollback_total`), checksum verification, comprehensive test coverage (`policy_*_test.go`)"
Authorization Engine (AAP-001),N/A,Distributed PDP & caching,Implemented,P2,None,**COMPLETED:** `DecisionCache` interface defined; `InMemoryCache` (LRU+TTL) refactored; `RedisDecisionCache` implemented with global version-based invalidation and granular (subject/resource/action) invalidation using secondary sets; `PDPEngine` integration completed; all tests passing.
PoA Definition (AAP-002),N/A,Full semantic validation (Parties/Scope/Requirements),"Remaining gaps: richer conditional DSL (amount/time expressions), modular validator registry, advanced restriction audit metrics.",Implemented,advanced.,"`BasicPoAValidator` (minimal invariants: non-wildcard self-delegation block, temporal ordering, jurisdiction & joint placeholder, numeric sanity checks) + `AdvancedPoAValidator` (transaction currency & 30d cap, wildcard gating, business-hour & weekday restriction syntax, inline multisig control, aggregate scope length limit). `EnhancedPoAValidator` (warning channel via ValidationWarning/WarningCollector/DefaultWarningCollector, persistent daily limits via BoltDailyLimitStore with JSON storage, conditional engine via SimpleConditionalEngine, metrics recording via InMemoryValidationMetrics). Service integration via WithEnhancedValidator option, CreateDelegationCtx collects warnings in DelegationResponse.Warnings field. Comprehensive test coverage in rfc0111_enhanced_validator_service_integration_test.go (4 passing tests). Production example in examples/enhanced_poa_validator_integration/main.go. Runtime conditional evaluation (valid_hours / valid_weekdays) enforced in VerifyToken. Environment selection via GAUTH_POA_VALIDATOR=basic"
PoA Definition (AAP-002),N/A,Embedding PoA Definition in token,Implemented,P1,All core PoA embedding and exposure features implemented,"**COMPLETED:** EnvelopeV2 conditionally embeds full canonical PoA (JSON or CBOR) via `RawPOA` + `PoAVersion` when `GAUTH_EMBED_FULL_POA=1` (JSON) or `GAUTH_EMBED_FULL_POA_CBOR=1` (CBOR compaction); size capped by `GAUTH_MAX_RAW_POA_BYTES` (default 8192). CBOR embedding reduces token size through custom minimal encoder in `pkg/poa/stream/raw_poa_stream.go`. `RawPOAChain` and `RawPOAChainAlgo` exposed in `TokenVerificationResult` for delegation chain visibility. Offline verification (`GAUTH_OFFLINE_VERIFICATION=1`) supports both JSON and CBOR formats. Multi-signature adoption metrics (`IncMultiSignatureIssued`, `IncSingleSignatureIssued`, `SetMultiSignatureAdoptionRatio`) integrated. Integration tests verify CBOR embedding (110-byte compact representation), chain exposure, and metrics tracking."
PoA Definition (AAP-002),N/A,Joint/collective signature enforcement,Implemented,P1,None,Threshold & weighted multi-sig verification implemented with failure counters & satisfaction metadata; **Aggregated Signatures** (BLS12-381) and **Batch Verification** (Ed25519/RSA/ECDSA) integrated via `AlgorithmSignerVerifier`.
PoA Definition (AAP-002),N/A,Conditional / special conditions evaluation,Implemented,P2,None,**COMPLETED:** Enhanced `SimpleConditionalEngine` with quoted string support. Integrated syntax validation in `EnhancedPoAValidator` and runtime enforcement in `VerifyToken`. Verified with `rfc0111_conditional_evaluation_test.go`.
Persistence & Durability,N/A,Immutable audit ledger,Implemented,P0,"**Production-ready:** All core external anchoring features implemented and tested. Extensible for future TSA, blockchain, or transparency log integration.","In-memory + BoltDB persistent hash chain (`pkg/ledger/bolt.go`) with verification; service-level issuance & revocation entries via `WithLedger`; memory & Bolt stores support optional Ed25519 entry signatures; Bolt emits periodic chain tip anchor file (hash+timestamp+signature) via `EnableAnchorFile`. **ExternalAuditLedger** (`pkg/ledger/external_anchor.go`) provides complete external anchor integration with pluggable providers (Memory, TSA stub, extensible for RFC3161 TSA/blockchain/transparency logs), automatic periodic anchoring (configurable interval, default 60s), manual force anchoring via `ForceExternalAnchor()`, dual anchoring (file-based + external provider), receipt persistence (hash-chained ExternalReceiptStore with incremental integrity verification), comprehensive testing (9 tests in `pkg/ledger/external_anchor_test.go` all passing), production demo (`examples/external_audit_anchor/main.go`), complete documentation (`docs/EXTERNAL_AUDIT_ANCHOR.md` 427 lines) and ADR (`docs/ADR-external-notarization-integration.md`)."
Persistence & Durability,N/A,Delegation storage durability,Implemented,P2,None,**COMPLETED**: PostgreSQL backend (`pkg/gauthplus/services.go`) implemented with `pgx`. Supports full persistence and indexing.
Persistence & Durability,N/A,Revocation anchoring,Implemented,P2,All core revocation external anchoring implemented,"**COMPLETED:** Hash-linked revocation chain with external anchoring via `ExternalRevocationAnchor` adapter (`pkg/delegation/revocation_external_anchor.go`). Integrates with existing `ExternalAnchorClient` infrastructure for TSA/timestamp provider support. SignedTreeHead callbacks automatically submit Merkle root to external providers with hash-chain receipt persistence (`anchor.ExternalReceiptStore`). Observer pattern enables pluggable anchor providers (RFC3161 TSA, Memory, extensible). Tests verify anchoring workflow, multiple events, and receipt chain integrity."
Observability & Metrics,N/A,Decision metrics (allow/deny by policy + action/resource),Implemented,P2,Limited decision reason taxonomy & no action/resource JSON export yet,PDP metrics snapshot: decisions/allow/deny + per-policy match counters & expr error count; latency histogram buckets + lifecycle latency percentiles (p50/p90/p99); semantic violation & lifecycle failure counters; labeled decision counters (action/resource/outcome + optional reason) exported via Prometheus & OTEL
Observability & Metrics,N/A,Metrics export adapter,Partial,P3,No native Prometheus collector registration; no advanced histogram/summary config; missing OpenTelemetry adapter,"`ExportPrometheus()` enhanced: HELP/TYPE metadata, counters, latency histogram with sum/count; JSON violation snapshot endpoint `/api/v1/beta/metrics/violations` (timestamp + categorical counters)"
Observability & Metrics,N/A,Violation counters (validation + semantic + adaptive anomaly),Implemented,P2,"Remaining gaps: multi-file rotation & external anchoring of semantic snapshot, historical rate archive beyond EWMA state, surge indicator alert hooks","Lifecycle validation counters + semantic hygiene (scope_violations, restriction_violations, unauthorized_decisions, expired_delegations, revoked_delegations) plus numeric limit counters (amount_limit_exceeded, daily_amount_limit_exceeded) exported via JSON, Prometheus & OTEL; adaptive semantic anomaly detector (EWMA + Welford variance) computes per-category z-scores with background sampler; semantic per-category 60s/300s rate gauges implemented; anomaly EWMA state persisted/restored with hash chain integrity verification endpoints"
Observability & Metrics,N/A,Distributed tracing across components,Implemented,P3,Fully functional distributed tracing with W3C standard compliance,**COMPLETED:** W3C Trace Context propagation middleware integrated in Gin; trace ID extraction/injection across services; probabilistic sampling; comprehensive coverage in `internal/tracing`
Observability & Metrics,N/A,Multi-signature verification metrics,Implemented,P2,All multi-signature metrics implemented,"Granular failure counters (structural/digest/pubkey_missing/invalid_signature/threshold/weight) + latency histogram; satisfaction metadata exported via EnvelopeV2; **COMPLETED:** adoption metrics (`IncMultiSignatureIssued`, `IncSingleSignatureIssued`, `SetMultiSignatureAdoptionRatio`) and success tracking (`IncMultiSignatureSuccess`) integrated across Prometheus adapter and collector registry"
Observability & Metrics,N/A,Envelope issuance & migration metrics,Implemented,P2,All envelope migration automation complete,"**COMPLETED:** Counters (V1/V2 issued), adoption ratio gauge, digest mismatch counter with reason labeling (`canonicalization_error`, `tamper_suspected`, `domain_conflict`, `other`), issuance cadence histogram, sunset phase gauge + recording rules scaffold (`deployments/observability/recording-rules-envelopes.yaml`). **Automated phase transition controller** (`internal/sunset/controller.go`) integrated with service startup, configurable via environment variables (`GAUTH_SUNSET_*`), automatic progression through phases (Pilot→Broad→Stabilization→SoftDep→Sunset→PostVerify) based on adoption thresholds and mismatch ratios. Emergency rollback safeguard triggers phase demotion on excessive mismatch rates. Integration tests verify controller lifecycle and configuration."
Data Hygiene & Validation,N/A,UTF-8 & control char filtering,Implemented,P3,None,"**COMPLETED:** Implemented in `validateDelegationRequest` and `VerifyToken`; violation counters (`scope_violations`, `restriction_violations`) exported via JSON/Prometheus/OTEL; detailed documentation in `docs/HYGIENE_METRICS.md`; hygiene snapshot cryptographically anchored in capability artifacts."
Data Hygiene & Validation,N/A,Structured numeric limit parsing,Implemented,P0,None,"**COMPLETED:** `max_amount` per action + cumulative `max_daily_amount` enforced; `max_weekly_amount`, `max_monthly_amount` added via `Generic PeriodLimitStore`. Integrated currency normalization and persistent usage ledger in `VerifyToken`."
Data Hygiene & Validation,N/A,Resource Limit Parsing,Implemented,P1,None,"**COMPLETED:** `max_nodes`, `max_depth`, `max_width` implemented in `ResourceLimits` (AAP-002 C.2) with validation logic in `pkg/poa/power_limits.go`. Unit tests (`power_limits_test.go`) verify enforcement and negative cases."
CI/CD & Deployment Readiness,N/A,CI Pipeline Integrity,Implemented,P0,None,"**COMPLETED:** GitHub Actions workflow (`ci.yml`) with comprehensive testing (core, internal, web, revocation), race detection, linting (`golangci-lint`), and security scanning (`gosec`). Build verification ensures clean compilation."
CI/CD & Deployment Readiness,N/A,Containerization & Security,Implemented,P1,None,**COMPLETED:** Optimized `Dockerfile.production` for multi-stage builds. CI includes `docker-build` job with `trivy` vulnerability scanning and GHCR push integration.
CI/CD & Deployment Readiness,N/A,Staging Deployment,Implemented,P1,None,**COMPLETED:** `deploy-staging.yml` workflow defined for K8s deployment. Local simulation verified manifests and configuration validity. Rollback automation implemented.
