Symbol,Locations
AddBundle,/Users/mauricio.fernandez_fernandezsiemens.co/GiFo-RFC-0150-Go-Implementation-of-GAuth-1.0/pkg/policy/engine.go:82
AuditEvents,/Users/mauricio.fernandez_fernandezsiemens.co/GiFo-RFC-0150-Go-Implementation-of-GAuth-1.0/pkg/rfc0111/rfc0111.go:1195
CanonicalPOADigest,/Users/mauricio.fernandez_fernandezsiemens.co/GiFo-RFC-0150-Go-Implementation-of-GAuth-1.0/pkg/rfc0111/canonical.go:40|/Users/mauricio.fernandez_fernandezsiemens.co/GiFo-RFC-0150-Go-Implementation-of-GAuth-1.0/pkg/rfc0111/canonical.go:40|/Users/mauricio.fernandez_fernandezsiemens.co/GiFo-RFC-0150-Go-Implementation-of-GAuth-1.0/pkg/rfc0111/canonical.go:40
CreateDelegation,/Users/mauricio.fernandez_fernandezsiemens.co/GiFo-RFC-0150-Go-Implementation-of-GAuth-1.0/pkg/rfc0111/rfc0111.go:722
FileLogger,/Users/mauricio.fernandez_fernandezsiemens.co/GiFo-RFC-0150-Go-Implementation-of-GAuth-1.0/pkg/audit/file_logger.go:21
MemoryLogger,/Users/mauricio.fernandez_fernandezsiemens.co/GiFo-RFC-0150-Go-Implementation-of-GAuth-1.0/pkg/audit/audit.go:84
POAStatus,/Users/mauricio.fernandez_fernandezsiemens.co/GiFo-RFC-0150-Go-Implementation-of-GAuth-1.0/pkg/poa/poa.go:16|/Users/mauricio.fernandez_fernandezsiemens.co/GiFo-RFC-0150-Go-Implementation-of-GAuth-1.0/pkg/rfc0111/rfc0111.go:41
PowerOfAttorney,/Users/mauricio.fernandez_fernandezsiemens.co/GiFo-RFC-0150-Go-Implementation-of-GAuth-1.0/pkg/rfc0111/rfc0111.go:50
ReplayStore,/Users/mauricio.fernandez_fernandezsiemens.co/GiFo-RFC-0150-Go-Implementation-of-GAuth-1.0/pkg/gauth/gauth.go:197|/Users/mauricio.fernandez_fernandezsiemens.co/GiFo-RFC-0150-Go-Implementation-of-GAuth-1.0/pkg/rfc0111/rfc0111.go:596
RevocationChain,/Users/mauricio.fernandez_fernandezsiemens.co/GiFo-RFC-0150-Go-Implementation-of-GAuth-1.0/pkg/delegation/revocation_chain.go:65
RevokeDelegation,/Users/mauricio.fernandez_fernandezsiemens.co/GiFo-RFC-0150-Go-Implementation-of-GAuth-1.0/pkg/rfc0111/rfc0111.go:1116
ValidateDelegation,/Users/mauricio.fernandez_fernandezsiemens.co/GiFo-RFC-0150-Go-Implementation-of-GAuth-1.0/pkg/rfc0111/rfc0111.go:842
ValidateMultiSignature,/Users/mauricio.fernandez_fernandezsiemens.co/GiFo-RFC-0150-Go-Implementation-of-GAuth-1.0/pkg/rfc0111/rfc0111.go:88
VerifyChain,/Users/mauricio.fernandez_fernandezsiemens.co/GiFo-RFC-0150-Go-Implementation-of-GAuth-1.0/pkg/audit/audit.go:151|/Users/mauricio.fernandez_fernandezsiemens.co/GiFo-RFC-0150-Go-Implementation-of-GAuth-1.0/pkg/audit/audit.go:151|/Users/mauricio.fernandez_fernandezsiemens.co/GiFo-RFC-0150-Go-Implementation-of-GAuth-1.0/pkg/audit/file_logger.go:137|/Users/mauricio.fernandez_fernandezsiemens.co/GiFo-RFC-0150-Go-Implementation-of-GAuth-1.0/pkg/audit/file_logger.go:137|/Users/mauricio.fernandez_fernandezsiemens.co/GiFo-RFC-0150-Go-Implementation-of-GAuth-1.0/pkg/delegation/delegation.go:76|/Users/mauricio.fernandez_fernandezsiemens.co/GiFo-RFC-0150-Go-Implementation-of-GAuth-1.0/pkg/delegation/delegation.go:76|/Users/mauricio.fernandez_fernandezsiemens.co/GiFo-RFC-0150-Go-Implementation-of-GAuth-1.0/pkg/ledger/anchor.go:40|/Users/mauricio.fernandez_fernandezsiemens.co/GiFo-RFC-0150-Go-Implementation-of-GAuth-1.0/pkg/ledger/anchor.go:40|/Users/mauricio.fernandez_fernandezsiemens.co/GiFo-RFC-0150-Go-Implementation-of-GAuth-1.0/pkg/ledger/bolt.go:199|/Users/mauricio.fernandez_fernandezsiemens.co/GiFo-RFC-0150-Go-Implementation-of-GAuth-1.0/pkg/ledger/bolt.go:199|/Users/mauricio.fernandez_fernandezsiemens.co/GiFo-RFC-0150-Go-Implementation-of-GAuth-1.0/pkg/ledger/ledger.go:147|/Users/mauricio.fernandez_fernandezsiemens.co/GiFo-RFC-0150-Go-Implementation-of-GAuth-1.0/pkg/ledger/ledger.go:147|/Users/mauricio.fernandez_fernandezsiemens.co/GiFo-RFC-0150-Go-Implementation-of-GAuth-1.0/pkg/policy/engine.go:128|/Users/mauricio.fernandez_fernandezsiemens.co/GiFo-RFC-0150-Go-Implementation-of-GAuth-1.0/pkg/policy/engine.go:128|/Users/mauricio.fernandez_fernandezsiemens.co/GiFo-RFC-0150-Go-Implementation-of-GAuth-1.0/pkg/policy/store.go:35|/Users/mauricio.fernandez_fernandezsiemens.co/GiFo-RFC-0150-Go-Implementation-of-GAuth-1.0/pkg/policy/store.go:35|/Users/mauricio.fernandez_fernandezsiemens.co/GiFo-RFC-0150-Go-Implementation-of-GAuth-1.0/pkg/policy/store_file.go:162|/Users/mauricio.fernandez_fernandezsiemens.co/GiFo-RFC-0150-Go-Implementation-of-GAuth-1.0/pkg/policy/store_file.go:162
VerifyIntegrity,/Users/mauricio.fernandez_fernandezsiemens.co/GiFo-RFC-0150-Go-Implementation-of-GAuth-1.0/pkg/rfc0111/rfc0111.go:1268
VerifyToken,/Users/mauricio.fernandez_fernandezsiemens.co/GiFo-RFC-0150-Go-Implementation-of-GAuth-1.0/examples/token_management/paseto/main.go:73|/Users/mauricio.fernandez_fernandezsiemens.co/GiFo-RFC-0150-Go-Implementation-of-GAuth-1.0/pkg/rfc0111/rfc0111.go:398
WithReplayProtection,/Users/mauricio.fernandez_fernandezsiemens.co/GiFo-RFC-0150-Go-Implementation-of-GAuth-1.0/pkg/rfc0111/rfc0111.go:695
computeHash,/Users/mauricio.fernandez_fernandezsiemens.co/GiFo-RFC-0150-Go-Implementation-of-GAuth-1.0/pkg/rfc0111/rfc0111.go:1342
policy.Registry,/Users/mauricio.fernandez_fernandezsiemens.co/GiFo-RFC-0150-Go-Implementation-of-GAuth-1.0/internal/capability/registry.go:20|/Users/mauricio.fernandez_fernandezsiemens.co/GiFo-RFC-0150-Go-Implementation-of-GAuth-1.0/internal/metrics/prometheus_adapter.go:584|/Users/mauricio.fernandez_fernandezsiemens.co/GiFo-RFC-0150-Go-Implementation-of-GAuth-1.0/pkg/compliance/compliance.go:25|/Users/mauricio.fernandez_fernandezsiemens.co/GiFo-RFC-0150-Go-Implementation-of-GAuth-1.0/pkg/policy/engine.go:74|/Users/mauricio.fernandez_fernandezsiemens.co/GiFo-RFC-0150-Go-Implementation-of-GAuth-1.0/pkg/policy/store.go:36|/Users/mauricio.fernandez_fernandezsiemens.co/GiFo-RFC-0150-Go-Implementation-of-GAuth-1.0/pkg/policy/store_file.go:167
validateDelegationRequest,/Users/mauricio.fernandez_fernandezsiemens.co/GiFo-RFC-0150-Go-Implementation-of-GAuth-1.0/pkg/rfc0111/rfc0111.go:1348
verifyPOASignature,/Users/mauricio.fernandez_fernandezsiemens.co/GiFo-RFC-0150-Go-Implementation-of-GAuth-1.0/pkg/rfc0111/rfc0111.go:653
